{
    "Sochi": [43.585525, 39.723062],
    "Samara": [53.195538, 50.101783],
    "Moscow": [55.755814, 37.617635],
    "Rostov-on-Don": [47.222543, 39.718732],
    "Volgograd": [48.707103, 44.516939],
    "Petersburg": [59.939095, 30.315868],
    "Nizhny Novgorod": [56.326887, 44.005986],
    "Saransk": [54.187211, 45.183642],
    "Kaliningrad": [54.70739, 20.507307],
    "Kazan": [55.798551, 49.106324],
    "Yekaterinburg": [56.838011, 60.597465]
}
